channel,date_WIB,impression,click,ctr_percent,orders_checkout,broad_order_separate,items_sold,sales_IDR,ad_cost_IDR,roas
product,2026-09-01,7332,336,4.582651391162029,27,27,40,1622551.99999,191422.08391,8.476305172567589
product,2026-09-02,6834,329,4.814164471758852,28,35,47,2233842.69579,171855.62122,12.998368513825678
product,2026-09-03,8530,451,5.2872215709261425,28,36,51,2785769.99995,219405.52017,12.696900232006591
product,2026-09-04,7109,348,4.895203263468843,21,22,44,818149.00000,98978.21913,8.265949894748324
product,2026-09-05,7406,331,4.469349176343505,17,17,32,987597.99998,121185.92575,8.149444697211466
product,2026-09-06,8571,397,4.631898261579746,40,45,75,1933785.99994,184833.14795,10.462333306486327
product,2026-09-07,8820,374,4.240362811791383,22,27,41,1773814.99996,187620.22386,9.45428463662638
product,2026-09-08,9462,468,4.946100190234623,26,30,58,2019195.99998,169691.31402,11.89923015000058
product,2026-09-09,13596,669,4.920564872021183,64,76,110,4788023.60111,343131.53043,13.953901569785273
product,2026-09-10,9012,435,4.826897470039946,29,32,62,2444216.01816,276674.39032,8.834269103595146
product,2026-09-11,8727,384,4.4001375042970094,30,32,86,2257552.99993,198362.55043,11.380943605716876
product,2026-09-12,9125,421,4.6136986301369864,24,25,37,1772736.00000,187302.14231,9.464579412369883
product,2026-09-13,9326,394,4.224748016298521,24,25,31,1730077.00000,168864.46103,10.245358848435487
product,2026-09-14,7534,340,4.512874966817096,20,27,42,1807628.99997,132649.42132,13.627115610322363
product,2026-09-15,8253,366,4.4347509996364955,26,26,38,1307182.00000,135712.27969,9.632009741387611
product,2026-09-16,6568,298,4.5371498172959805,16,16,27,1561656.99999,158146.42256,9.874753881312204
product,2026-09-17,7288,315,4.322173435784852,12,32,49,771831.99999,74159.46457,10.407734258402831
product,2026-09-18,5360,252,4.701492537313433,21,21,36,1221596.00000,117031.33107,10.438196240537726
product,2026-09-19,5720,258,4.510489510489511,18,20,39,1129081.00000,83954.17571,13.448777150765501
product,2026-09-20,6206,281,4.527876248791492,17,20,29,660025.99998,78633.36887,8.393713883366523
product,2026-09-21,6105,293,4.799344799344799,15,18,21,989783.99997,120716.40058,8.1992504350232
product,2026-09-22,5800,298,5.137931034482759,18,18,21,1090015.00000,150338.64522,7.250397916017618
product,2026-09-23,4671,269,5.758938128880326,11,17,22,1185490.99999,127027.71530,9.33253815665533
product,2026-09-24,6039,269,4.45437986421593,13,17,25,1009611.99997,104517.03691,9.65978399138296
product,2026-09-25,5342,261,4.885810557843504,31,41,54,2023764.99994,201896.19440,10.023789729936583
product,2026-09-26,6594,289,4.382772217167122,9,10,19,686482.14731,110457.48829,6.214899124880327
product,2026-09-27,5608,255,4.5470756062767475,11,11,15,730829.00000,98415.30786,7.425968742989004
product,2026-09-28,6785,387,5.703758290346352,30,33,38,1684589.99998,163050.31558,10.331718733494032
shop,2026-09-01,3478,77,2.2139160437032777,0,0,0,0.00000,25000.00000,0
shop,2026-09-02,2076,80,3.8535645472061653,1,1,1,3200.00000,25000.00000,0.128
shop,2026-09-03,1831,74,4.041507373020208,1,1,1,3200.00000,25000.00000,0.128
shop,2026-09-04,1694,77,4.545454545454546,0,0,0,0.00000,25000.00000,0
shop,2026-09-05,1574,76,4.8284625158831,0,0,0,0.00000,25000.00000,0
shop,2026-09-06,1721,81,4.706565950029053,1,1,1,3200.00000,25000.00000,0.128
shop,2026-09-07,1231,75,6.092607636068237,2,2,2,56962.00000,25000.00000,2.27848
shop,2026-09-08,1289,78,6.051202482544609,1,1,1,29067.00000,25000.00000,1.16268
shop,2026-09-09,2069,78,3.7699371677138718,4,4,6,211504.99999,25000.00000,8.4601999996
shop,2026-09-10,1514,79,5.217965653896962,0,0,0,0.00000,25000.00000,0
shop,2026-09-11,1580,78,4.936708860759493,0,0,0,0.00000,25000.00000,0
shop,2026-09-12,1808,75,4.148230088495575,1,1,1,5999.00000,25000.00000,0.23996
shop,2026-09-13,1704,73,4.284037558685446,2,2,2,6400.00000,25000.00000,0.256
shop,2026-09-14,1886,82,4.3478260869565215,2,2,2,6400.00000,25000.00000,0.256
shop,2026-09-15,1607,78,4.853764779091475,0,0,0,0.00000,25000.00000,0
shop,2026-09-16,1501,79,5.263157894736842,0,0,0,0.00000,25000.00000,0
shop,2026-09-17,1786,82,4.591265397536394,0,0,0,0.00000,25000.00000,0
shop,2026-09-18,1730,78,4.508670520231214,0,0,0,0.00000,25000.00000,0
shop,2026-09-19,2050,84,4.097560975609756,0,0,0,0.00000,25000.00000,0
shop,2026-09-20,1939,80,4.125838060856111,1,1,1,3200.00000,25000.00000,0.128
shop,2026-09-21,3022,140,4.632693580410324,0,0,0,0.00000,44175.06611,0
shop,2026-09-22,1447,66,4.561161022805805,0,0,0,0.00000,16999.36453,0
shop,2026-09-23,1477,81,5.484089370345294,1,1,1,54300.00000,18761.14422,2.8942797605123896
shop,2026-09-24,952,48,5.042016806722689,0,0,0,0.00000,25000.00000,0
shop,2026-09-25,888,41,4.617117117117117,3,13,21,1640608.99998,25000.00000,65.6243599992
shop,2026-09-26,514,17,3.3073929961089497,1,1,1,32836.00000,25000.00000,1.31344
shop,2026-09-27,414,15,3.6231884057971016,0,0,0,0.00000,25000.00000,0
shop,2026-09-28,149,9,6.0402684563758395,0,0,0,0.00000,25000.00000,0
live,2026-09-01,0,0,0,0,0,0,0.00000,0.00000,0
live,2026-09-02,0,0,0,0,0,0,0.00000,0.00000,0
live,2026-09-03,0,0,0,0,0,0,0.00000,0.00000,0
live,2026-09-04,0,0,0,0,0,0,0.00000,0.00000,0
live,2026-09-05,0,0,0,0,0,0,0.00000,0.00000,0
live,2026-09-06,0,0,0,0,0,0,0.00000,0.00000,0
live,2026-09-07,0,0,0,0,0,0,0.00000,0.00000,0
live,2026-09-08,0,0,0,0,0,0,0.00000,0.00000,0
live,2026-09-09,0,0,0,0,0,0,0.00000,0.00000,0
live,2026-09-10,0,0,0,0,0,0,0.00000,0.00000,0
live,2026-09-11,0,0,0,0,0,0,0.00000,0.00000,0
live,2026-09-12,0,0,0,0,0,0,0.00000,0.00000,0
live,2026-09-13,0,0,0,0,0,0,0.00000,0.00000,0
live,2026-09-14,0,0,0,0,0,0,0.00000,0.00000,0
live,2026-09-15,0,0,0,0,0,0,0.00000,0.00000,0
live,2026-09-16,0,0,0,0,0,0,0.00000,0.00000,0
live,2026-09-17,0,0,0,0,0,0,0.00000,0.00000,0
live,2026-09-18,0,0,0,0,0,0,0.00000,0.00000,0
live,2026-09-19,0,0,0,0,0,0,0.00000,0.00000,0
live,2026-09-20,0,0,0,0,0,0,0.00000,0.00000,0
live,2026-09-21,0,0,0,0,0,0,0.00000,0.00000,0
live,2026-09-22,0,0,0,0,0,0,0.00000,0.00000,0
live,2026-09-23,0,0,0,0,0,0,0.00000,0.00000,0
live,2026-09-24,0,0,0,0,0,0,0.00000,0.00000,0
live,2026-09-25,0,0,0,0,0,0,0.00000,0.00000,0
live,2026-09-26,0,0,0,0,0,0,0.00000,0.00000,0
live,2026-09-27,0,0,0,0,0,0,0.00000,0.00000,0
live,2026-09-28,0,0,0,0,0,0,0.00000,0.00000,0
